{
  "metadata":{
    "apiVersion":"2014-06-30",
    "endpointPrefix":"cib",
    "jsonVersion":"1.1",
    "serviceFullName":"Amazon Cognito Identity Service",
    "signatureVersion":"v4",
    "targetPrefix":"AWSCognitoIdentityService",
    "type":"json"
  },
  "operations":{
    "CreateIdentityPool":{
      "name":"CreateIdentityPool",
      "http":{
        "method":"POST",
        "requestUri":"/"
      },
      "input":{"shape":"CreateIdentityPoolInput"},
      "output":{"shape":"IdentityPool"},
      "errors":[
        {
          "shape":"InvalidParameterException",
          "error":{"httpStatusCode":400},
          "exception":true
        },
        {
          "shape":"NotAuthorizedException",
          "error":{"httpStatusCode":403},
          "exception":true
        },
        {
          "shape":"ResourceConflictException",
          "error":{"httpStatusCode":409},
          "exception":true
        },
        {
          "shape":"TooManyRequestsException",
          "error":{"httpStatusCode":429},
          "exception":true
        },
        {
          "shape":"InternalErrorException",
          "exception":true,
          "fault":true
        },
        {
          "shape":"LimitExceededException",
          "error":{"httpStatusCode":400},
          "exception":true
        }
      ]
    },
    "DeleteIdentityPool":{
      "name":"DeleteIdentityPool",
      "http":{
        "method":"POST",
        "requestUri":"/"
      },
      "input":{"shape":"DeleteIdentityPoolInput"},
      "errors":[
        {
          "shape":"InvalidParameterException",
          "error":{"httpStatusCode":400},
          "exception":true
        },
        {
          "shape":"ResourceNotFoundException",
          "error":{"httpStatusCode":404},
          "exception":true
        },
        {
          "shape":"NotAuthorizedException",
          "error":{"httpStatusCode":403},
          "exception":true
        },
        {
          "shape":"TooManyRequestsException",
          "error":{"httpStatusCode":429},
          "exception":true
        },
        {
          "shape":"InternalErrorException",
          "exception":true,
          "fault":true
        }
      ]
    },
    "DescribeIdentityPool":{
      "name":"DescribeIdentityPool",
      "http":{
        "method":"POST",
        "requestUri":"/"
      },
      "input":{"shape":"DescribeIdentityPoolInput"},
      "output":{"shape":"IdentityPool"},
      "errors":[
        {
          "shape":"InvalidParameterException",
          "error":{"httpStatusCode":400},
          "exception":true
        },
        {
          "shape":"ResourceNotFoundException",
          "error":{"httpStatusCode":404},
          "exception":true
        },
        {
          "shape":"NotAuthorizedException",
          "error":{"httpStatusCode":403},
          "exception":true
        },
        {
          "shape":"TooManyRequestsException",
          "error":{"httpStatusCode":429},
          "exception":true
        },
        {
          "shape":"InternalErrorException",
          "exception":true,
          "fault":true
        }
      ]
    },
    "GetId":{
      "name":"GetId",
      "http":{
        "method":"POST",
        "requestUri":"/"
      },
      "input":{"shape":"GetIdInput"},
      "output":{"shape":"GetIdResponse"},
      "errors":[
        {
          "shape":"InvalidParameterException",
          "error":{"httpStatusCode":400},
          "exception":true
        },
        {
          "shape":"ResourceNotFoundException",
          "error":{"httpStatusCode":404},
          "exception":true
        },
        {
          "shape":"NotAuthorizedException",
          "error":{"httpStatusCode":403},
          "exception":true
        },
        {
          "shape":"ResourceConflictException",
          "error":{"httpStatusCode":409},
          "exception":true
        },
        {
          "shape":"TooManyRequestsException",
          "error":{"httpStatusCode":429},
          "exception":true
        },
        {
          "shape":"InternalErrorException",
          "exception":true,
          "fault":true
        },
        {
          "shape":"LimitExceededException",
          "error":{"httpStatusCode":400},
          "exception":true
        }
      ]
    },
    "GetIdentityPoolAnalytics":{
      "name":"GetIdentityPoolAnalytics",
      "http":{
        "method":"POST",
        "requestUri":"/"
      },
      "input":{"shape":"GetIdentityPoolAnalyticsRequest"},
      "output":{"shape":"GetIdentityPoolAnalyticsResponse"},
      "errors":[
        {
          "shape":"ResourceNotFoundException",
          "error":{"httpStatusCode":404},
          "exception":true
        },
        {
          "shape":"InvalidParameterException",
          "error":{"httpStatusCode":400},
          "exception":true
        }
      ]
    },
    "GetIdentityPoolDailyAnalytics":{
      "name":"GetIdentityPoolDailyAnalytics",
      "http":{
        "method":"POST",
        "requestUri":"/"
      },
      "input":{"shape":"GetIdentityPoolDailyAnalyticsRequest"},
      "output":{"shape":"GetIdentityPoolDailyAnalyticsResponse"},
      "errors":[
        {
          "shape":"ResourceNotFoundException",
          "error":{"httpStatusCode":404},
          "exception":true
        },
        {
          "shape":"InvalidParameterException",
          "error":{"httpStatusCode":400},
          "exception":true
        }
      ]
    },
    "GetIdentityProviderDailyAnalytics":{
      "name":"GetIdentityProviderDailyAnalytics",
      "http":{
        "method":"POST",
        "requestUri":"/"
      },
      "input":{"shape":"GetIdentityProviderDailyAnalyticsRequest"},
      "output":{"shape":"GetIdentityProviderDailyAnalyticsResponse"},
      "errors":[
        {
          "shape":"ResourceNotFoundException",
          "error":{"httpStatusCode":404},
          "exception":true
        },
        {
          "shape":"InvalidParameterException",
          "error":{"httpStatusCode":400},
          "exception":true
        }
      ]
    },
    "GetOpenIdToken":{
      "name":"GetOpenIdToken",
      "http":{
        "method":"POST",
        "requestUri":"/"
      },
      "input":{"shape":"GetOpenIdTokenInput"},
      "output":{"shape":"GetOpenIdTokenResponse"},
      "errors":[
        {
          "shape":"InvalidParameterException",
          "error":{"httpStatusCode":400},
          "exception":true
        },
        {
          "shape":"ResourceNotFoundException",
          "error":{"httpStatusCode":404},
          "exception":true
        },
        {
          "shape":"NotAuthorizedException",
          "error":{"httpStatusCode":403},
          "exception":true
        },
        {
          "shape":"ResourceConflictException",
          "error":{"httpStatusCode":409},
          "exception":true
        },
        {
          "shape":"TooManyRequestsException",
          "error":{"httpStatusCode":429},
          "exception":true
        },
        {
          "shape":"InternalErrorException",
          "exception":true,
          "fault":true
        }
      ]
    },
    "ListIdentities":{
      "name":"ListIdentities",
      "http":{
        "method":"POST",
        "requestUri":"/"
      },
      "input":{"shape":"ListIdentitiesInput"},
      "output":{"shape":"ListIdentitiesResponse"},
      "errors":[
        {
          "shape":"InvalidParameterException",
          "error":{"httpStatusCode":400},
          "exception":true
        },
        {
          "shape":"ResourceNotFoundException",
          "error":{"httpStatusCode":404},
          "exception":true
        },
        {
          "shape":"NotAuthorizedException",
          "error":{"httpStatusCode":403},
          "exception":true
        },
        {
          "shape":"TooManyRequestsException",
          "error":{"httpStatusCode":429},
          "exception":true
        },
        {
          "shape":"InternalErrorException",
          "exception":true,
          "fault":true
        }
      ]
    },
    "ListIdentityPools":{
      "name":"ListIdentityPools",
      "http":{
        "method":"POST",
        "requestUri":"/"
      },
      "input":{"shape":"ListIdentityPoolsInput"},
      "output":{"shape":"ListIdentityPoolsResponse"},
      "errors":[
        {
          "shape":"InvalidParameterException",
          "error":{"httpStatusCode":400},
          "exception":true
        },
        {
          "shape":"NotAuthorizedException",
          "error":{"httpStatusCode":403},
          "exception":true
        },
        {
          "shape":"TooManyRequestsException",
          "error":{"httpStatusCode":429},
          "exception":true
        },
        {
          "shape":"InternalErrorException",
          "exception":true,
          "fault":true
        }
      ]
    },
    "UnlinkIdentity":{
      "name":"UnlinkIdentity",
      "http":{
        "method":"POST",
        "requestUri":"/"
      },
      "input":{"shape":"UnlinkIdentityInput"},
      "errors":[
        {
          "shape":"InvalidParameterException",
          "error":{"httpStatusCode":400},
          "exception":true
        },
        {
          "shape":"ResourceNotFoundException",
          "error":{"httpStatusCode":404},
          "exception":true
        },
        {
          "shape":"NotAuthorizedException",
          "error":{"httpStatusCode":403},
          "exception":true
        },
        {
          "shape":"ResourceConflictException",
          "error":{"httpStatusCode":409},
          "exception":true
        },
        {
          "shape":"TooManyRequestsException",
          "error":{"httpStatusCode":429},
          "exception":true
        },
        {
          "shape":"InternalErrorException",
          "exception":true,
          "fault":true
        }
      ]
    },
    "UpdateIdentityPool":{
      "name":"UpdateIdentityPool",
      "http":{
        "method":"POST",
        "requestUri":"/"
      },
      "input":{"shape":"IdentityPool"},
      "output":{"shape":"IdentityPool"},
      "errors":[
        {
          "shape":"InvalidParameterException",
          "error":{"httpStatusCode":400},
          "exception":true
        },
        {
          "shape":"ResourceNotFoundException",
          "error":{"httpStatusCode":404},
          "exception":true
        },
        {
          "shape":"NotAuthorizedException",
          "error":{"httpStatusCode":403},
          "exception":true
        },
        {
          "shape":"ResourceConflictException",
          "error":{"httpStatusCode":409},
          "exception":true
        },
        {
          "shape":"TooManyRequestsException",
          "error":{"httpStatusCode":429},
          "exception":true
        },
        {
          "shape":"InternalErrorException",
          "exception":true,
          "fault":true
        }
      ]
    }
  },
  "shapes":{
    "AccountId":{
      "type":"string",
      "min":1,
      "max":15,
      "pattern":"\\d+"
    },
    "CreateIdentityPoolInput":{
      "type":"structure",
      "required":[
        "IdentityPoolName",
        "AllowUnauthenticatedIdentities"
      ],
      "members":{
        "IdentityPoolName":{"shape":"IdentityPoolName"},
        "AllowUnauthenticatedIdentities":{"shape":"IdentityPoolUnauthenticated"},
        "SupportedLoginProviders":{"shape":"IdentityProviders"}
      }
    },
    "DayString":{
      "type":"string",
      "min":10,
      "max":10,
      "pattern":"^(201)([4-9]|(20)[2-9][\\d])[-](0[1-9]|1[012])[-](0[1-9]|[12][\\d]|3[01])$"
    },
    "DeleteIdentityPoolInput":{
      "type":"structure",
      "required":["IdentityPoolId"],
      "members":{
        "IdentityPoolId":{"shape":"IdentityPoolId"}
      }
    },
    "DescribeIdentityPoolInput":{
      "type":"structure",
      "required":["IdentityPoolId"],
      "members":{
        "IdentityPoolId":{"shape":"IdentityPoolId"}
      }
    },
    "GetIdInput":{
      "type":"structure",
      "required":[
        "AccountId",
        "IdentityPoolId"
      ],
      "members":{
        "AccountId":{"shape":"AccountId"},
        "IdentityPoolId":{"shape":"IdentityPoolId"},
        "Logins":{"shape":"LoginsMap"}
      }
    },
    "GetIdResponse":{
      "type":"structure",
      "members":{
        "IdentityId":{"shape":"IdentityId"}
      }
    },
    "GetIdentityPoolAnalyticsRequest":{
      "type":"structure",
      "required":["IdentityPoolId"],
      "members":{
        "IdentityPoolId":{"shape":"IdentityPoolId"}
      }
    },
    "GetIdentityPoolAnalyticsResponse":{
      "type":"structure",
      "members":{
        "IdentityPoolId":{"shape":"IdentityPoolId"},
        "TotalIdentityCount":{"shape":"Long"},
        "IdentityAnalyticsList":{"shape":"IdentityAnalyticsList"}
      }
    },
    "GetIdentityPoolDailyAnalyticsRequest":{
      "type":"structure",
      "required":["IdentityPoolId"],
      "members":{
        "IdentityPoolId":{"shape":"IdentityPoolId"},
        "StartDay":{"shape":"DayString"},
        "Token":{"shape":"PaginationKey"}
      }
    },
    "GetIdentityPoolDailyAnalyticsResponse":{
      "type":"structure",
      "members":{
        "IdentityPoolId":{"shape":"IdentityPoolId"},
        "IdentityPoolDailyIdentities":{"shape":"IdentityDailyAnalyticsList"},
        "NextToken":{"shape":"PaginationKey"}
      }
    },
    "GetIdentityProviderDailyAnalyticsRequest":{
      "type":"structure",
      "required":[
        "IdentityPoolId",
        "IdentityProviderId"
      ],
      "members":{
        "IdentityPoolId":{"shape":"IdentityPoolId"},
        "IdentityProviderId":{"shape":"IdentityProviderId"},
        "StartDay":{"shape":"DayString"},
        "Token":{"shape":"PaginationKey"}
      }
    },
    "GetIdentityProviderDailyAnalyticsResponse":{
      "type":"structure",
      "members":{
        "IdentityPoolId":{"shape":"IdentityPoolId"},
        "IdentityProviderId":{"shape":"IdentityProviderId"},
        "IdentityProviderDailyIdentities":{"shape":"IdentityDailyAnalyticsList"},
        "NextToken":{"shape":"PaginationKey"}
      }
    },
    "GetOpenIdTokenInput":{
      "type":"structure",
      "required":["IdentityId"],
      "members":{
        "IdentityId":{"shape":"IdentityId"},
        "Logins":{"shape":"LoginsMap"}
      }
    },
    "GetOpenIdTokenResponse":{
      "type":"structure",
      "members":{
        "IdentityId":{"shape":"IdentityId"},
        "Token":{"shape":"OIDCToken"}
      }
    },
    "IdentitiesList":{
      "type":"list",
      "member":{"shape":"IdentityDescription"}
    },
    "IdentityAnalytics":{
      "type":"structure",
      "members":{
        "IdentityProviderId":{"shape":"IdentityProviderId"},
        "IdentityCount":{"shape":"Long"}
      }
    },
    "IdentityAnalyticsList":{
      "type":"list",
      "member":{"shape":"IdentityAnalytics"}
    },
    "IdentityDailyAnalytics":{
      "type":"structure",
      "members":{
        "Date":{"shape":"DayString"},
        "TotalIdentities":{"shape":"Long"},
        "NewIdentities":{"shape":"Long"}
      }
    },
    "IdentityDailyAnalyticsList":{
      "type":"list",
      "member":{"shape":"IdentityDailyAnalytics"}
    },
    "IdentityDescription":{
      "type":"structure",
      "members":{
        "IdentityId":{"shape":"IdentityId"},
        "Logins":{"shape":"LoginsList"}
      }
    },
    "IdentityId":{
      "type":"string",
      "min":1,
      "max":50,
      "pattern":"[\\w-]+:[0-9a-f-]+"
    },
    "IdentityPool":{
      "type":"structure",
      "required":[
        "IdentityPoolId",
        "IdentityPoolName",
        "AllowUnauthenticatedIdentities"
      ],
      "members":{
        "IdentityPoolId":{"shape":"IdentityPoolId"},
        "IdentityPoolName":{"shape":"IdentityPoolName"},
        "AllowUnauthenticatedIdentities":{"shape":"IdentityPoolUnauthenticated"},
        "SupportedLoginProviders":{"shape":"IdentityProviders"}
      }
    },
    "IdentityPoolId":{
      "type":"string",
      "min":1,
      "max":50,
      "pattern":"[\\w-]+:[0-9a-f-]+"
    },
    "IdentityPoolName":{
      "type":"string",
      "min":1,
      "max":128,
      "pattern":"[\\w ]+"
    },
    "IdentityPoolShortDescription":{
      "type":"structure",
      "members":{
        "IdentityPoolId":{"shape":"IdentityPoolId"},
        "IdentityPoolName":{"shape":"IdentityPoolName"}
      }
    },
    "IdentityPoolUnauthenticated":{"type":"boolean"},
    "IdentityPoolsList":{
      "type":"list",
      "member":{"shape":"IdentityPoolShortDescription"}
    },
    "IdentityProviderId":{
      "type":"string",
      "min":1,
      "max":128,
      "pattern":"[\\w._-]+"
    },
    "IdentityProviderName":{
      "type":"string",
      "min":1,
      "max":128,
      "pattern":"[\\w._-]+"
    },
    "IdentityProviderToken":{
      "type":"string",
      "min":1,
      "max":1024,
      "pattern":"[\\S]+"
    },
    "IdentityProviders":{
      "type":"map",
      "key":{"shape":"IdentityProviderName"},
      "value":{"shape":"IdentityProviderId"},
      "max":3
    },
    "InternalErrorException":{
      "type":"structure",
      "members":{
        "message":{"shape":"String"}
      },
      "exception":true,
      "fault":true
    },
    "InvalidParameterException":{
      "type":"structure",
      "members":{
        "message":{"shape":"String"}
      },
      "error":{"httpStatusCode":400},
      "exception":true
    },
    "LimitExceededException":{
      "type":"structure",
      "members":{
        "message":{"shape":"String"}
      },
      "error":{"httpStatusCode":400},
      "exception":true
    },
    "ListIdentitiesInput":{
      "type":"structure",
      "required":["IdentityPoolId"],
      "members":{
        "IdentityPoolId":{"shape":"IdentityPoolId"},
        "Limit":{"shape":"QueryLimit"},
        "Token":{"shape":"PaginationKey"}
      }
    },
    "ListIdentitiesResponse":{
      "type":"structure",
      "members":{
        "IdentityPoolId":{"shape":"IdentityPoolId"},
        "Identities":{"shape":"IdentitiesList"},
        "NextToken":{"shape":"PaginationKey"}
      }
    },
    "ListIdentityPoolsInput":{
      "type":"structure",
      "members":{
        "Limit":{"shape":"QueryLimit"},
        "Token":{"shape":"PaginationKey"}
      }
    },
    "ListIdentityPoolsResponse":{
      "type":"structure",
      "members":{
        "IdentityPools":{"shape":"IdentityPoolsList"},
        "NextToken":{"shape":"PaginationKey"}
      }
    },
    "LoginsList":{
      "type":"list",
      "member":{"shape":"IdentityProviderName"}
    },
    "LoginsMap":{
      "type":"map",
      "key":{"shape":"IdentityProviderName"},
      "value":{"shape":"IdentityProviderToken"},
      "max":3
    },
    "Long":{"type":"long"},
    "NotAuthorizedException":{
      "type":"structure",
      "members":{
        "message":{"shape":"String"}
      },
      "error":{"httpStatusCode":403},
      "exception":true
    },
    "OIDCToken":{"type":"string"},
    "PaginationKey":{
      "type":"string",
      "min":1
    },
    "QueryLimit":{
      "type":"integer",
      "min":1,
      "max":60
    },
    "ResourceConflictException":{
      "type":"structure",
      "members":{
        "message":{"shape":"String"}
      },
      "error":{"httpStatusCode":409},
      "exception":true
    },
    "ResourceNotFoundException":{
      "type":"structure",
      "members":{
        "message":{"shape":"String"}
      },
      "error":{"httpStatusCode":404},
      "exception":true
    },
    "String":{"type":"string"},
    "TooManyRequestsException":{
      "type":"structure",
      "members":{
        "message":{"shape":"String"}
      },
      "error":{"httpStatusCode":429},
      "exception":true
    },
    "UnlinkIdentityInput":{
      "type":"structure",
      "required":[
        "IdentityId",
        "Logins",
        "LoginsToRemove"
      ],
      "members":{
        "IdentityId":{"shape":"IdentityId"},
        "Logins":{"shape":"LoginsMap"},
        "LoginsToRemove":{"shape":"LoginsList"}
      }
    }
  }
}
