{
  "images" : [
    {
      "resizing" : {
        "mode" : "9-part",
        "center" : {
          "mode" : "fill",
          "width" : 1,
          "height" : 1
        },
        "capInsets" : {
          "bottom" : 19,
          "top" : 17,
          "right" : 19,
          "left" : 22
        }
      },
      "idiom" : "universal",
      "filename" : "Button.png",
      "scale" : "1x"
    },
    {
      "resizing" : {
        "mode" : "9-part",
        "center" : {
          "mode" : "fill",
          "width" : 1,
          "height" : 1
        },
        "capInsets" : {
          "bottom" : 37,
          "top" : 36,
          "right" : 41,
          "left" : 42
        }
      },
      "idiom" : "universal",
      "filename" : "Button@2x.png",
      "scale" : "2x"
    },
    {
      "idiom" : "universal",
      "scale" : "3x"
    }
  ],
  "info" : {
    "version" : 1,
    "author" : "xcode"
  }
}